spec,beta3,p
Baseline,11.81,0.048
Z_standardized,1.1947759696622449,0.029539887914854037
